algo,sight_range,codebook_size,aux_coef,comm_range,talk_config,vocab_dim,sig_dim,gumbel_tau,run_id,run_name,group,state,final_return,max_return,final_test_return,n_points,url
mappo_talk_v2,-1.0,1,0.0,-1.0,_1_code_no_h_aux,32,16,1.0,f12lhp6m,0_1_2026-06-17_01-50-56,2026-06-17_01-50-56,finished,-24.778976893815837,-23.608129501342773,-40.694820091372634,1220,https://wandb.ai/aryaman-reddi/talk/runs/f12lhp6m
mappo_talk_v2,-1.0,1,0.0,-1.0,_1_code_no_h_aux,32,16,1.0,rvnw35gj,0_2_2026-06-17_01-50-56,2026-06-17_01-50-56,finished,-25.31024348149534,-24.017303466796875,-44.73423617003394,1220,https://wandb.ai/aryaman-reddi/talk/runs/rvnw35gj
mappo_talk_v2,-1.0,1,0.0,-1.0,_1_code_no_h_aux,32,16,1.0,yt5fu2wz,0_0_2026-06-17_01-50-56,2026-06-17_01-50-56,finished,-25.26238055307357,-23.772830963134766,-45.6780966774362,1220,https://wandb.ai/aryaman-reddi/talk/runs/yt5fu2wz
mappo_talk_v2,-1.0,1,0.001,-1.0,_1_code_0.001_h_aux,32,16,1.0,0adzz9a6,0_1_2026-06-17_06-00-41,2026-06-17_06-00-41,finished,-24.942383609834266,-23.491966247558594,-44.224474172123145,1220,https://wandb.ai/aryaman-reddi/talk/runs/0adzz9a6
mappo_talk_v2,-1.0,1,0.001,-1.0,_1_code_0.001_h_aux,32,16,1.0,1yzwqrcw,0_0_2026-06-17_06-00-41,2026-06-17_06-00-41,finished,-25.368966180770123,-23.788511276245117,-50.34694724786477,1220,https://wandb.ai/aryaman-reddi/talk/runs/1yzwqrcw
mappo_talk_v2,-1.0,1,0.001,-1.0,_1_code_0.001_h_aux,32,16,1.0,roniet6h,0_2_2026-06-17_06-00-41,2026-06-17_06-00-41,finished,-25.550569800079845,-24.27597427368164,-51.61492710426206,1220,https://wandb.ai/aryaman-reddi/talk/runs/roniet6h
mappo_talk_v2,-1.0,1,0.01,-1.0,_1_code_0.01_h_aux,32,16,1.0,4fl84k49,0_1_2026-06-17_06-07-53,2026-06-17_06-07-53,finished,-30.514556603353533,-29.105270385742188,-36.75635775581735,1220,https://wandb.ai/aryaman-reddi/talk/runs/4fl84k49
mappo_talk_v2,-1.0,1,0.01,-1.0,_1_code_0.01_h_aux,32,16,1.0,8yx6yd25,0_2_2026-06-17_06-07-53,2026-06-17_06-07-53,finished,-33.503461243676355,-32.04704284667969,-37.62325158666392,1220,https://wandb.ai/aryaman-reddi/talk/runs/8yx6yd25
mappo_talk_v2,-1.0,1,0.01,-1.0,_1_code_0.01_h_aux,32,16,1.0,9zlw5nf3,0_0_2026-06-17_06-07-53,2026-06-17_06-07-53,finished,-26.905920700948748,-25.48518943786621,-41.40058739458928,1220,https://wandb.ai/aryaman-reddi/talk/runs/9zlw5nf3
mappo_talk_v2,-1.0,1,0.1,-1.0,_1_code_0.1_h_aux,32,16,1.0,2qfg76yj,0_1_2026-06-17_06-15-06,2026-06-17_06-15-06,finished,-40.359457422475344,-38.45318603515625,-40.6934546173596,1220,https://wandb.ai/aryaman-reddi/talk/runs/2qfg76yj
mappo_talk_v2,-1.0,1,0.1,-1.0,_1_code_0.1_h_aux,32,16,1.0,6jwclvkc,0_2_2026-06-17_06-15-06,2026-06-17_06-15-06,finished,-39.8660792366403,-37.73674011230469,-39.981092077786805,1220,https://wandb.ai/aryaman-reddi/talk/runs/6jwclvkc
mappo_talk_v2,-1.0,1,0.1,-1.0,_1_code_0.1_h_aux,32,16,1.0,t5gp7drg,0_0_2026-06-17_06-15-06,2026-06-17_06-15-06,finished,-38.66970953394155,-36.940887451171875,-38.634857365342434,1220,https://wandb.ai/aryaman-reddi/talk/runs/t5gp7drg
mappo_talk_v2,-1.0,1,0.2,-1.0,_1_code_0.2_h_aux,32,16,1.0,ebrcv3ig,0_2_2026-06-17_06-22-18,2026-06-17_06-22-18,finished,-35.94746536505027,-33.723365783691406,-36.042232200747634,1220,https://wandb.ai/aryaman-reddi/talk/runs/ebrcv3ig
mappo_talk_v2,-1.0,1,0.2,-1.0,_1_code_0.2_h_aux,32,16,1.0,eqodcs37,0_0_2026-06-17_06-22-18,2026-06-17_06-22-18,finished,-39.67140663647261,-37.53480529785156,-39.7059422477347,1220,https://wandb.ai/aryaman-reddi/talk/runs/eqodcs37
mappo_talk_v2,-1.0,1,0.2,-1.0,_1_code_0.2_h_aux,32,16,1.0,s3fdg2r9,0_1_2026-06-17_06-22-18,2026-06-17_06-22-18,finished,-39.498100624709835,-37.421043395996094,-39.606229000404234,1220,https://wandb.ai/aryaman-reddi/talk/runs/s3fdg2r9
mappo_talk_v2,-1.0,1,0.5,-1.0,_1_code_0.5_h_aux,32,16,1.0,aer592u1,0_1_2026-06-17_06-29-33,2026-06-17_06-29-33,finished,-49.327281514152155,-46.59722900390625,-49.38360808325596,1220,https://wandb.ai/aryaman-reddi/talk/runs/aer592u1
mappo_talk_v2,-1.0,1,0.5,-1.0,_1_code_0.5_h_aux,32,16,1.0,exm8jowr,0_0_2026-06-17_06-29-33,2026-06-17_06-29-33,finished,-48.809105638597835,-46.79131317138672,-48.71382879038326,1220,https://wandb.ai/aryaman-reddi/talk/runs/exm8jowr
mappo_talk_v2,-1.0,1,0.5,-1.0,_1_code_0.5_h_aux,32,16,1.0,m3vy9w6z,0_2_2026-06-17_06-29-33,2026-06-17_06-29-33,finished,-40.90269326381996,-38.8723030090332,-41.070997738447346,1220,https://wandb.ai/aryaman-reddi/talk/runs/m3vy9w6z
mappo_talk_v2,-1.0,1,0.8,-1.0,_1_code_0.8_h_aux,32,16,1.0,3fwuduo2,0_2_2026-06-17_06-36-45,2026-06-17_06-36-45,finished,-39.46058929943648,-37.87519836425781,-39.553420363879596,1220,https://wandb.ai/aryaman-reddi/talk/runs/3fwuduo2
mappo_talk_v2,-1.0,1,0.8,-1.0,_1_code_0.8_h_aux,32,16,1.0,l0at70uf,0_0_2026-06-17_06-36-45,2026-06-17_06-36-45,finished,-44.189936684780434,-42.28636932373047,-44.09282356012063,1220,https://wandb.ai/aryaman-reddi/talk/runs/l0at70uf
mappo_talk_v2,-1.0,1,0.8,-1.0,_1_code_0.8_h_aux,32,16,1.0,loejw1ge,0_1_2026-06-17_06-36-45,2026-06-17_06-36-45,finished,-44.04035834015393,-42.3499641418457,-44.148824472896386,1220,https://wandb.ai/aryaman-reddi/talk/runs/loejw1ge
mappo_talk_v2,-1.0,1,1.0,-1.0,_1_code_1.0_h_aux,32,16,1.0,m13ief7g,0_2_2026-06-17_06-43-57,2026-06-17_06-43-57,finished,-44.66185247702677,-42.50862121582031,-44.66653670639288,1220,https://wandb.ai/aryaman-reddi/talk/runs/m13ief7g
mappo_talk_v2,-1.0,1,1.0,-1.0,_1_code_1.0_h_aux,32,16,1.0,t02m38c1,0_1_2026-06-17_06-43-57,2026-06-17_06-43-57,finished,-46.7253363875092,-44.48106002807617,-46.78360426230509,1220,https://wandb.ai/aryaman-reddi/talk/runs/t02m38c1
mappo_talk_v2,-1.0,1,1.0,-1.0,_1_code_1.0_h_aux,32,16,1.0,xso7afpw,0_0_2026-06-17_06-43-57,2026-06-17_06-43-57,finished,-42.82413069928279,-40.77001953125,-42.70223783274166,1220,https://wandb.ai/aryaman-reddi/talk/runs/xso7afpw
mappo_talk_v2,-1.0,2,0.0,-1.0,_2_code_no_h_aux,32,16,1.0,9gumc56w,0_2_2026-06-17_02-57-40,2026-06-17_02-57-40,finished,-24.915351992747823,-23.618005752563477,-43.288672369034565,1220,https://wandb.ai/aryaman-reddi/talk/runs/9gumc56w
mappo_talk_v2,-1.0,2,0.0,-1.0,_2_code_no_h_aux,32,16,1.0,f8p4kzmm,0_1_2026-06-17_02-57-40,2026-06-17_02-57-40,finished,-24.592758616463083,-23.085350036621094,-44.00016631454718,1220,https://wandb.ai/aryaman-reddi/talk/runs/f8p4kzmm
mappo_talk_v2,-1.0,2,0.0,-1.0,_2_code_no_h_aux,32,16,1.0,nsjb2x9a,0_0_2026-06-17_02-57-40,2026-06-17_02-57-40,finished,-25.027743495878624,-23.49817657470703,-42.85010431633621,1220,https://wandb.ai/aryaman-reddi/talk/runs/nsjb2x9a
mappo_talk_v2,-1.0,4,0.0,-1.0,_4_code_no_h_aux,32,16,1.0,4kruf186,0_1_2026-06-17_03-06-01,2026-06-17_03-06-01,finished,-25.8342655838513,-24.548133850097656,-50.51237888023501,1220,https://wandb.ai/aryaman-reddi/talk/runs/4kruf186
mappo_talk_v2,-1.0,4,0.0,-1.0,_4_code_no_h_aux,32,16,1.0,oe69tpbr,0_2_2026-06-17_03-06-01,2026-06-17_03-06-01,finished,-25.056897225927134,-23.8753662109375,-44.839942619448806,1220,https://wandb.ai/aryaman-reddi/talk/runs/oe69tpbr
mappo_talk_v2,-1.0,4,0.0,-1.0,_4_code_no_h_aux,32,16,1.0,og5bbnp5,0_0_2026-06-17_03-06-01,2026-06-17_03-06-01,finished,-26.06568877423396,-24.539100646972656,-50.24238248731269,1220,https://wandb.ai/aryaman-reddi/talk/runs/og5bbnp5
mappo_talk_v2,-1.0,8,0.0,-1.0,_8_code_no_h_aux,32,16,1.0,qpe1vmqg,0_0_2026-06-17_03-14-09,2026-06-17_03-14-09,finished,-25.09431179234239,-23.516109466552734,-43.2854627703057,1220,https://wandb.ai/aryaman-reddi/talk/runs/qpe1vmqg
mappo_talk_v2,-1.0,8,0.0,-1.0,_8_code_no_h_aux,32,16,1.0,runmxlva,0_2_2026-06-17_03-14-09,2026-06-17_03-14-09,finished,-25.221427573532356,-23.948442459106445,-49.12894536628098,1220,https://wandb.ai/aryaman-reddi/talk/runs/runmxlva
mappo_talk_v2,-1.0,8,0.0,-1.0,_8_code_no_h_aux,32,16,1.0,t8x1dy35,0_1_2026-06-17_03-14-09,2026-06-17_03-14-09,finished,-25.626838074355828,-24.199787139892578,-45.152588578521225,1220,https://wandb.ai/aryaman-reddi/talk/runs/t8x1dy35
mappo_talk_v2,-1.0,8,0.005,-1.0,_8_code_0.005_h_aux,32,16,1.0,3mua77e4,0_1_2026-06-17_14-20-41,2026-06-17_14-20-41,finished,-25.83816376670462,-24.517778396606445,-39.35604239291832,1220,https://wandb.ai/aryaman-reddi/talk/runs/3mua77e4
mappo_talk_v2,-1.0,8,0.005,-1.0,_8_code_0.005_h_aux,32,16,1.0,xoijqw6q,0_0_2026-06-17_14-20-41,2026-06-17_14-20-41,finished,-25.299764977126824,-23.785314559936523,-41.386521167442446,1220,https://wandb.ai/aryaman-reddi/talk/runs/xoijqw6q
mappo_talk_v2,-1.0,8,0.005,-1.0,_8_code_0.005_h_aux,32,16,1.0,yoajmsto,0_2_2026-06-17_14-20-41,2026-06-17_14-20-41,finished,-26.433695245961673,-24.990005493164062,-39.618422961625896,1220,https://wandb.ai/aryaman-reddi/talk/runs/yoajmsto
mappo_talk_v2,-1.0,8,0.008,-1.0,_8_code_0.008_h_aux,32,16,1.0,4nupgvzl,0_1_2026-06-17_14-29-15,2026-06-17_14-29-15,finished,-25.60018350257248,-24.32561492919922,-38.32716144499231,1220,https://wandb.ai/aryaman-reddi/talk/runs/4nupgvzl
mappo_talk_v2,-1.0,8,0.008,-1.0,_8_code_0.008_h_aux,32,16,1.0,rk3z59dd,0_0_2026-06-17_14-29-15,2026-06-17_14-29-15,finished,-25.75141881723873,-24.334383010864258,-38.61247525449659,1220,https://wandb.ai/aryaman-reddi/talk/runs/rk3z59dd
mappo_talk_v2,-1.0,8,0.008,-1.0,_8_code_0.008_h_aux,32,16,1.0,v5n71yhy,0_2_2026-06-17_14-29-15,2026-06-17_14-29-15,finished,-27.305444826845264,-26.01004981994629,-38.03314940655818,1220,https://wandb.ai/aryaman-reddi/talk/runs/v5n71yhy
mappo_talk_v2,-1.0,8,0.012,-1.0,_8_code_0.012_h_aux,32,16,1.0,j5n1l1gc,0_0_2026-06-17_14-37-28,2026-06-17_14-37-28,finished,-27.31673543961322,-25.869565963745117,-37.66597350699003,1220,https://wandb.ai/aryaman-reddi/talk/runs/j5n1l1gc
mappo_talk_v2,-1.0,8,0.012,-1.0,_8_code_0.012_h_aux,32,16,1.0,tx6gieiw,0_1_2026-06-17_14-37-28,2026-06-17_14-37-28,finished,-26.98683855963535,-25.72869873046875,-35.748235608710615,1220,https://wandb.ai/aryaman-reddi/talk/runs/tx6gieiw
mappo_talk_v2,-1.0,8,0.012,-1.0,_8_code_0.012_h_aux,32,16,1.0,yd98785b,0_2_2026-06-17_14-37-28,2026-06-17_14-37-28,finished,-27.746323913824362,-26.531177520751953,-41.82072142303967,1220,https://wandb.ai/aryaman-reddi/talk/runs/yd98785b
mappo_talk_v2,-1.0,8,0.015,-1.0,_8_code_0.015_h_aux,32,16,1.0,8vt9vu4o,0_0_2026-06-17_14-45-42,2026-06-17_14-45-42,finished,-27.544918122838755,-26.149085998535156,-36.900175532356634,1220,https://wandb.ai/aryaman-reddi/talk/runs/8vt9vu4o
mappo_talk_v2,-1.0,8,0.015,-1.0,_8_code_0.015_h_aux,32,16,1.0,foegycqv,0_1_2026-06-17_14-45-42,2026-06-17_14-45-42,finished,-27.674653334695783,-25.87978744506836,-36.81225373315029,1220,https://wandb.ai/aryaman-reddi/talk/runs/foegycqv
mappo_talk_v2,-1.0,8,0.015,-1.0,_8_code_0.015_h_aux,32,16,1.0,wt92jv5a,0_2_2026-06-17_14-45-42,2026-06-17_14-45-42,finished,-28.1729015913166,-26.737436294555664,-35.97075606174156,1220,https://wandb.ai/aryaman-reddi/talk/runs/wt92jv5a
mappo_talk_v2,-1.0,8,1.0,-1.0,,32,16,1.0,okmgqvkw,0_0_2026-06-17_00-31-23,2026-06-17_00-31-23,finished,-80.56321716308594,-80.56321716308594,0.0,1,https://wandb.ai/aryaman-reddi/talk/runs/okmgqvkw
mappo_talk_v2,-1.0,8,1.0,-1.0,,32,16,1.0,cnux30dv,0_0_2026-06-17_00-31-47,2026-06-17_00-31-47,finished,-80.56321716308594,-80.56321716308594,0.0,1,https://wandb.ai/aryaman-reddi/talk/runs/cnux30dv
mappo_talk_v2,-1.0,8,1.0,-1.0,,32,16,1.0,1q43bqt4,0_2_2026-06-17_00-57-51,2026-06-17_00-57-51,finished,-37.756332147316854,-36.02648162841797,-37.80131236842421,1220,https://wandb.ai/aryaman-reddi/talk/runs/1q43bqt4
mappo_talk_v2,-1.0,8,1.0,-1.0,,32,16,1.0,k09h3e2q,0_1_2026-06-17_00-57-51,2026-06-17_00-57-51,finished,-35.53324930785132,-33.264427185058594,-35.56644508486888,1220,https://wandb.ai/aryaman-reddi/talk/runs/k09h3e2q
mappo_talk_v2,-1.0,8,1.0,-1.0,,32,16,1.0,myfegpxy,0_0_2026-06-17_00-57-51,2026-06-17_00-57-51,finished,-36.431684462750546,-34.66327667236328,-36.319077788806354,1220,https://wandb.ai/aryaman-reddi/talk/runs/myfegpxy
mappo_talk_v2,-1.0,16,0.0,-1.0,_16_code_no_h_aux,32,16,1.0,5vtagrpu,0_1_2026-06-17_03-22-21,2026-06-17_03-22-21,finished,-25.050021703126,-23.742589950561523,-40.81823836779985,1220,https://wandb.ai/aryaman-reddi/talk/runs/5vtagrpu
mappo_talk_v2,-1.0,16,0.0,-1.0,_16_code_no_h_aux,32,16,1.0,q550xtdv,0_2_2026-06-17_03-22-21,2026-06-17_03-22-21,finished,-25.551751465093894,-24.18239974975586,-46.05309026749408,1220,https://wandb.ai/aryaman-reddi/talk/runs/q550xtdv
mappo_talk_v2,-1.0,16,0.0,-1.0,_16_code_no_h_aux,32,16,1.0,t4ps8dwt,0_0_2026-06-17_03-22-21,2026-06-17_03-22-21,finished,-25.622091371504986,-24.264156341552734,-49.97248390072682,1220,https://wandb.ai/aryaman-reddi/talk/runs/t4ps8dwt
mappo_talk_v2,-1.0,32,0.0,-1.0,_32_code_no_h_aux,32,16,1.0,f2knc80i,0_0_2026-06-17_03-30-53,2026-06-17_03-30-53,finished,-25.48563292769135,-24.02510643005371,-42.545315758126684,1220,https://wandb.ai/aryaman-reddi/talk/runs/f2knc80i
mappo_talk_v2,-1.0,32,0.0,-1.0,_32_code_no_h_aux,32,16,1.0,omxg2fqg,0_2_2026-06-17_03-30-53,2026-06-17_03-30-53,finished,-25.721831415520338,-24.357524871826172,-45.05331080077124,1220,https://wandb.ai/aryaman-reddi/talk/runs/omxg2fqg
mappo_talk_v2,-1.0,32,0.0,-1.0,_32_code_no_h_aux,32,16,1.0,qew1dfc6,0_1_2026-06-17_03-30-53,2026-06-17_03-30-53,finished,-25.945437462603458,-24.540496826171875,-41.292739805628045,1220,https://wandb.ai/aryaman-reddi/talk/runs/qew1dfc6
mappo_talk_v2,0.25,1,0.0,-1.0,_1_code_no_h_aux,32,16,1.0,07q5u1n8,0_1_2026-06-17_01-29-13,2026-06-17_01-29-13,finished,-51.78337631850946,-49.391990661621094,-69.57465950387423,1220,https://wandb.ai/aryaman-reddi/talk/runs/07q5u1n8
mappo_talk_v2,0.25,1,0.0,-1.0,_1_code_no_h_aux,32,16,1.0,avlbe8s6,0_2_2026-06-17_01-29-13,2026-06-17_01-29-13,finished,-51.38097384718598,-48.67924118041992,-69.26169661224866,1220,https://wandb.ai/aryaman-reddi/talk/runs/avlbe8s6
mappo_talk_v2,0.25,1,0.0,-1.0,_1_code_no_h_aux,32,16,1.0,cfzjpn1w,0_0_2026-06-17_01-29-13,2026-06-17_01-29-13,finished,-51.074974779222835,-48.44348907470703,-67.52156054387328,1220,https://wandb.ai/aryaman-reddi/talk/runs/cfzjpn1w
mappo_talk_v2,0.25,8,1.0,-1.0,,32,16,1.0,0wf1qfc6,0_2_2026-06-17_00-16-29,2026-06-17_00-16-29,crashed,-69.10040558136261,-64.92274475097656,-69.32210980664503,1115,https://wandb.ai/aryaman-reddi/talk/runs/0wf1qfc6
mappo_talk_v2,0.25,8,1.0,-1.0,,32,16,1.0,2aoyee59,0_1_2026-06-17_00-16-29,2026-06-17_00-16-29,crashed,-73.03469092566688,-66.12116241455078,-73.1324467014622,1115,https://wandb.ai/aryaman-reddi/talk/runs/2aoyee59
mappo_talk_v2,0.25,8,1.0,-1.0,,32,16,1.0,7las1j05,0_0_2026-06-17_00-16-29,2026-06-17_00-16-29,crashed,-70.40746135539837,-64.25943756103516,-70.37897072182045,1115,https://wandb.ai/aryaman-reddi/talk/runs/7las1j05
mappo_talk_v2,0.25,8,1.0,-1.0,,32,16,1.0,3pdmvd9f,0_1_2026-06-17_00-33-02,2026-06-17_00-33-02,finished,-64.29237991082864,-60.40802001953125,-64.32111380530185,1220,https://wandb.ai/aryaman-reddi/talk/runs/3pdmvd9f
mappo_talk_v2,0.25,8,1.0,-1.0,,32,16,1.0,eni7vig5,0_2_2026-06-17_00-33-02,2026-06-17_00-33-02,finished,-66.49441500179103,-61.22918701171875,-66.46439471010302,1220,https://wandb.ai/aryaman-reddi/talk/runs/eni7vig5
mappo_talk_v2,0.25,8,1.0,-1.0,,32,16,1.0,wnlv3jv1,0_0_2026-06-17_00-33-02,2026-06-17_00-33-02,finished,-72.0002064314045,-62.99974822998047,-71.6002046553815,1220,https://wandb.ai/aryaman-reddi/talk/runs/wnlv3jv1
mappo_talk_v2,0.5,1,0.0,-1.0,_1_code_no_h_aux,32,16,1.0,9xupds9h,0_2_2026-06-17_01-36-25,2026-06-17_01-36-25,finished,-39.1409604744833,-36.722076416015625,-54.20931784833064,1220,https://wandb.ai/aryaman-reddi/talk/runs/9xupds9h
mappo_talk_v2,0.5,1,0.0,-1.0,_1_code_no_h_aux,32,16,1.0,d2b56062,0_1_2026-06-17_01-36-25,2026-06-17_01-36-25,finished,-39.453258576940314,-36.600345611572266,-54.273404262104975,1220,https://wandb.ai/aryaman-reddi/talk/runs/d2b56062
mappo_talk_v2,0.5,1,0.0,-1.0,_1_code_no_h_aux,32,16,1.0,aacknw5l,0_0_2026-06-17_01-36-25,2026-06-17_01-36-25,finished,-39.67054886114402,-36.72755432128906,-53.87123295518219,1220,https://wandb.ai/aryaman-reddi/talk/runs/aacknw5l
mappo_talk_v2,0.5,1,0.001,-1.0,_1_code_0.001_h_aux_0.5_sr,32,16,1.0,0rv0low7,0_0_2026-06-17_12-55-52,2026-06-17_12-55-52,finished,-39.33351094605493,-36.92021942138672,-53.51229920934458,1220,https://wandb.ai/aryaman-reddi/talk/runs/0rv0low7
mappo_talk_v2,0.5,1,0.001,-1.0,_1_code_0.001_h_aux_0.5_sr,32,16,1.0,fb5awf1c,0_1_2026-06-17_12-55-52,2026-06-17_12-55-52,finished,-39.31215464482542,-36.763885498046875,-54.235616183671794,1220,https://wandb.ai/aryaman-reddi/talk/runs/fb5awf1c
mappo_talk_v2,0.5,1,0.001,-1.0,_1_code_0.001_h_aux_0.5_sr,32,16,1.0,yezvhzex,0_2_2026-06-17_12-55-52,2026-06-17_12-55-52,finished,-38.713830822803935,-36.71485900878906,-54.23221175397029,1220,https://wandb.ai/aryaman-reddi/talk/runs/yezvhzex
mappo_talk_v2,0.5,1,0.01,-1.0,_1_code_0.01_h_aux_0.5_sr,32,16,1.0,0v5tu98e,0_0_2026-06-17_13-03-04,2026-06-17_13-03-04,finished,-40.10389453074971,-37.44248962402344,-52.86940227571081,1220,https://wandb.ai/aryaman-reddi/talk/runs/0v5tu98e
mappo_talk_v2,0.5,1,0.01,-1.0,_1_code_0.01_h_aux_0.5_sr,32,16,1.0,khixexoq,0_2_2026-06-17_13-03-04,2026-06-17_13-03-04,finished,-39.689193788121955,-36.87800598144531,-52.23034170807385,1220,https://wandb.ai/aryaman-reddi/talk/runs/khixexoq
mappo_talk_v2,0.5,1,0.01,-1.0,_1_code_0.01_h_aux_0.5_sr,32,16,1.0,miecismu,0_1_2026-06-17_13-03-04,2026-06-17_13-03-04,finished,-39.8468526934014,-37.81371307373047,-52.76175567752025,1220,https://wandb.ai/aryaman-reddi/talk/runs/miecismu
mappo_talk_v2,0.5,1,0.1,-1.0,_1_code_0.1_h_aux_0.5_sr,32,16,1.0,155jf4g1,0_1_2026-06-17_13-10-16,2026-06-17_13-10-16,finished,-51.64649963378906,-48.62897491455078,-52.71301278911653,1220,https://wandb.ai/aryaman-reddi/talk/runs/155jf4g1
mappo_talk_v2,0.5,1,0.1,-1.0,_1_code_0.1_h_aux_0.5_sr,32,16,1.0,l6awlkgs,0_0_2026-06-17_13-10-16,2026-06-17_13-10-16,finished,-57.359550225930136,-48.17875671386719,-57.14106093860063,1220,https://wandb.ai/aryaman-reddi/talk/runs/l6awlkgs
mappo_talk_v2,0.5,1,0.1,-1.0,_1_code_0.1_h_aux_0.5_sr,32,16,1.0,qmi4nj5l,0_2_2026-06-17_13-10-16,2026-06-17_13-10-16,finished,-55.215100554169204,-47.06658935546875,-55.29297375288166,1220,https://wandb.ai/aryaman-reddi/talk/runs/qmi4nj5l
mappo_talk_v2,0.5,1,0.2,-1.0,_1_code_0.2_h_aux_0.5_sr,32,16,1.0,kjw7ain9,0_2_2026-06-17_13-17-29,2026-06-17_13-17-29,finished,-56.860134468703976,-50.83869934082031,-56.84739963343886,1220,https://wandb.ai/aryaman-reddi/talk/runs/kjw7ain9
mappo_talk_v2,0.5,1,0.2,-1.0,_1_code_0.2_h_aux_0.5_sr,32,16,1.0,vgh8zrs6,0_1_2026-06-17_13-17-29,2026-06-17_13-17-29,finished,-53.65731057964388,-49.94502258300781,-53.86594988088139,1220,https://wandb.ai/aryaman-reddi/talk/runs/vgh8zrs6
mappo_talk_v2,0.5,1,0.2,-1.0,_1_code_0.2_h_aux_0.5_sr,32,16,1.0,z3idfvcq,0_0_2026-06-17_13-17-29,2026-06-17_13-17-29,finished,-48.980963097244015,-45.88214874267578,-48.87385208880315,1220,https://wandb.ai/aryaman-reddi/talk/runs/z3idfvcq
mappo_talk_v2,0.5,1,0.5,-1.0,_1_code_0.5_h_aux_0.5_sr,32,16,1.0,46ck52a7,0_1_2026-06-17_13-24-40,2026-06-17_13-24-40,finished,-54.96585692734015,-51.04057312011719,-55.06811401492259,1220,https://wandb.ai/aryaman-reddi/talk/runs/46ck52a7
mappo_talk_v2,0.5,1,0.5,-1.0,_1_code_0.5_h_aux_0.5_sr,32,16,1.0,bt0g7bu5,0_2_2026-06-17_13-24-40,2026-06-17_13-24-40,finished,-53.66106836913062,-50.19431686401367,-53.646601286090785,1220,https://wandb.ai/aryaman-reddi/talk/runs/bt0g7bu5
mappo_talk_v2,0.5,1,0.5,-1.0,_1_code_0.5_h_aux_0.5_sr,32,16,1.0,lq7c8uef,0_0_2026-06-17_13-24-40,2026-06-17_13-24-40,finished,-60.51441120710529,-49.63283920288086,-60.39026197839956,1220,https://wandb.ai/aryaman-reddi/talk/runs/lq7c8uef
mappo_talk_v2,0.5,1,0.8,-1.0,_1_code_0.8_h_aux_0.5_sr,32,16,1.0,gh3e4gu1,0_0_2026-06-17_13-31-54,2026-06-17_13-31-54,finished,-54.747860236246076,-50.67888259887695,-54.59051319810211,1220,https://wandb.ai/aryaman-reddi/talk/runs/gh3e4gu1
mappo_talk_v2,0.5,1,0.8,-1.0,_1_code_0.8_h_aux_0.5_sr,32,16,1.0,jrwmsw9h,0_1_2026-06-17_13-31-54,2026-06-17_13-31-54,finished,-53.941248690495726,-50.80445098876953,-54.11742488673476,1220,https://wandb.ai/aryaman-reddi/talk/runs/jrwmsw9h
mappo_talk_v2,0.5,1,0.8,-1.0,_1_code_0.8_h_aux_0.5_sr,32,16,1.0,nxse9crq,0_2_2026-06-17_13-31-54,2026-06-17_13-31-54,finished,-56.01816884025199,-51.57306671142578,-56.067124976486454,1220,https://wandb.ai/aryaman-reddi/talk/runs/nxse9crq
mappo_talk_v2,0.5,1,1.0,-1.0,_1_code_1.0_h_aux_0.5_sr,32,16,1.0,0nus9cm0,0_0_2026-06-17_13-39-09,2026-06-17_13-39-09,finished,-55.21158953182033,-50.5189208984375,-54.964361691084065,1220,https://wandb.ai/aryaman-reddi/talk/runs/0nus9cm0
mappo_talk_v2,0.5,1,1.0,-1.0,_1_code_1.0_h_aux_0.5_sr,32,16,1.0,f57bbxc2,0_1_2026-06-17_13-39-09,2026-06-17_13-39-09,finished,-51.07585062746142,-47.96776580810547,-51.17543758329798,1220,https://wandb.ai/aryaman-reddi/talk/runs/f57bbxc2
mappo_talk_v2,0.5,1,1.0,-1.0,_1_code_1.0_h_aux_0.5_sr,32,16,1.0,odwl0esk,0_2_2026-06-17_13-39-09,2026-06-17_13-39-09,finished,-54.56850467744421,-51.4085693359375,-54.61591260941302,1220,https://wandb.ai/aryaman-reddi/talk/runs/odwl0esk
mappo_talk_v2,0.5,8,0.005,-1.0,_8_code_0.005_h_aux_0.5_sr,32,16,1.0,46592swq,0_1_2026-06-17_13-46-32,2026-06-17_13-46-32,finished,-40.56189490146324,-38.23402404785156,-53.6720229914931,1220,https://wandb.ai/aryaman-reddi/talk/runs/46592swq
mappo_talk_v2,0.5,8,0.005,-1.0,_8_code_0.005_h_aux_0.5_sr,32,16,1.0,anxh5lxl,0_0_2026-06-17_13-46-32,2026-06-17_13-46-32,finished,-40.657005622738694,-37.391845703125,-53.39617081939197,1220,https://wandb.ai/aryaman-reddi/talk/runs/anxh5lxl
mappo_talk_v2,0.5,8,0.005,-1.0,_8_code_0.005_h_aux_0.5_sr,32,16,1.0,hqo7sk07,0_2_2026-06-17_13-46-32,2026-06-17_13-46-32,finished,-40.15747414260614,-38.07360076904297,-53.795254285218284,1220,https://wandb.ai/aryaman-reddi/talk/runs/hqo7sk07
mappo_talk_v2,0.5,8,0.008,-1.0,_8_code_0.008_h_aux_0.5_sr,32,16,1.0,bz1esnz3,0_0_2026-06-17_13-54-50,2026-06-17_13-54-50,finished,-40.52670294339539,-38.244285583496094,-52.744256629318485,1220,https://wandb.ai/aryaman-reddi/talk/runs/bz1esnz3
mappo_talk_v2,0.5,8,0.008,-1.0,_8_code_0.008_h_aux_0.5_sr,32,16,1.0,c6w6xwei,0_2_2026-06-17_13-54-50,2026-06-17_13-54-50,finished,-40.35905394006948,-38.25510025024414,-52.94824606473328,1220,https://wandb.ai/aryaman-reddi/talk/runs/c6w6xwei
mappo_talk_v2,0.5,8,0.008,-1.0,_8_code_0.008_h_aux_0.5_sr,32,16,1.0,mie3ytqf,0_1_2026-06-17_13-54-50,2026-06-17_13-54-50,finished,-40.96600973410685,-38.74635314941406,-53.52749677564277,1220,https://wandb.ai/aryaman-reddi/talk/runs/mie3ytqf
mappo_talk_v2,0.5,8,0.012,-1.0,_8_code_0.012_h_aux_0.5_sr,32,16,1.0,1mzyhxei,0_1_2026-06-17_14-03-19,2026-06-17_14-03-19,finished,-41.25882624016433,-39.137428283691406,-53.74970257868532,1220,https://wandb.ai/aryaman-reddi/talk/runs/1mzyhxei
mappo_talk_v2,0.5,8,0.012,-1.0,_8_code_0.012_h_aux_0.5_sr,32,16,1.0,fgg083c7,0_2_2026-06-17_14-03-19,2026-06-17_14-03-19,finished,-40.21229240542552,-38.117828369140625,-52.610930802392176,1220,https://wandb.ai/aryaman-reddi/talk/runs/fgg083c7
mappo_talk_v2,0.5,8,0.012,-1.0,_8_code_0.012_h_aux_0.5_sr,32,16,1.0,rp8r48qo,0_0_2026-06-17_14-03-19,2026-06-17_14-03-19,finished,-40.917790397268824,-38.31264877319336,-52.390539888475764,1220,https://wandb.ai/aryaman-reddi/talk/runs/rp8r48qo
mappo_talk_v2,0.5,8,0.015,-1.0,_8_code_0.015_h_aux_0.5_sr,32,16,1.0,0k1u4f2m,0_0_2026-06-17_14-11-51,2026-06-17_14-11-51,finished,-40.960240848728866,-38.23609924316406,-52.628950838182796,1220,https://wandb.ai/aryaman-reddi/talk/runs/0k1u4f2m
mappo_talk_v2,0.5,8,0.015,-1.0,_8_code_0.015_h_aux_0.5_sr,32,16,1.0,5merl41h,0_1_2026-06-17_14-11-51,2026-06-17_14-11-51,finished,-41.831246704351706,-39.52802276611328,-52.84843873195961,1220,https://wandb.ai/aryaman-reddi/talk/runs/5merl41h
mappo_talk_v2,0.5,8,0.015,-1.0,_8_code_0.015_h_aux_0.5_sr,32,16,1.0,6f8vhwdm,0_2_2026-06-17_14-11-51,2026-06-17_14-11-51,finished,-40.715652278212254,-38.70045471191406,-52.09914688985856,1220,https://wandb.ai/aryaman-reddi/talk/runs/6f8vhwdm
mappo_talk_v2,0.5,8,1.0,-1.0,,32,16,1.0,ak6gh0tf,0_2_2026-06-17_00-41-17,2026-06-17_00-41-17,finished,-52.01700076118844,-48.64488220214844,-51.95418955068119,1220,https://wandb.ai/aryaman-reddi/talk/runs/ak6gh0tf
mappo_talk_v2,0.5,8,1.0,-1.0,,32,16,1.0,jw8rkw26,0_0_2026-06-17_00-41-17,2026-06-17_00-41-17,finished,-69.10413298059683,-51.72987365722656,-68.98010504050333,1220,https://wandb.ai/aryaman-reddi/talk/runs/jw8rkw26
mappo_talk_v2,0.5,8,1.0,-1.0,,32,16,1.0,towhenao,0_1_2026-06-17_00-41-17,2026-06-17_00-41-17,finished,-56.19551671137575,-52.2060661315918,-56.37094331960209,1220,https://wandb.ai/aryaman-reddi/talk/runs/towhenao
mappo_talk_v2,1.5,1,0.0,-1.0,_1_code_no_h_aux,32,16,1.0,bgvx0z0p,0_1_2026-06-17_01-43-39,2026-06-17_01-43-39,finished,-31.71037362833492,-29.98993682861328,-54.07648849487305,1220,https://wandb.ai/aryaman-reddi/talk/runs/bgvx0z0p
mappo_talk_v2,1.5,1,0.0,-1.0,_1_code_no_h_aux,32,16,1.0,clqngeb2,0_0_2026-06-17_01-43-39,2026-06-17_01-43-39,finished,-31.75810626295746,-29.876306533813477,-54.81124627785604,1220,https://wandb.ai/aryaman-reddi/talk/runs/clqngeb2
mappo_talk_v2,1.5,1,0.0,-1.0,_1_code_no_h_aux,32,16,1.0,eit8fssg,0_2_2026-06-17_01-43-39,2026-06-17_01-43-39,finished,-32.22076128349929,-30.495189666748047,-54.34768079538814,1220,https://wandb.ai/aryaman-reddi/talk/runs/eit8fssg
mappo_talk_v2,1.5,8,1.0,-1.0,,32,16,1.0,ejsqr2j0,0_1_2026-06-17_00-49-34,2026-06-17_00-49-34,finished,-53.327546635612116,-51.164546966552734,-53.3819230501769,1220,https://wandb.ai/aryaman-reddi/talk/runs/ejsqr2j0
mappo_talk_v2,1.5,8,1.0,-1.0,,32,16,1.0,l7rqdchn,0_2_2026-06-17_00-49-34,2026-06-17_00-49-34,finished,-53.69065403547443,-50.6981315612793,-53.599075286114804,1220,https://wandb.ai/aryaman-reddi/talk/runs/l7rqdchn
mappo_talk_v2,1.5,8,1.0,-1.0,,32,16,1.0,t5j5cuwp,0_0_2026-06-17_00-49-34,2026-06-17_00-49-34,finished,-50.94795173895164,-48.86033248901367,-50.76845378563052,1220,https://wandb.ai/aryaman-reddi/talk/runs/t5j5cuwp
mappo_tarmac_mpe,-1.0,-1,-1.0,-1.0,,-1,16,-1.0,34u5i0fn,0_1_2026-06-10_19-20-01,2026-06-10_19-20-01,finished,-24.520464756449716,-23.283061981201172,,1220,https://wandb.ai/aryaman-reddi/talk/runs/34u5i0fn
mappo_tarmac_mpe,-1.0,-1,-1.0,-1.0,,-1,16,-1.0,5dhlwv5i,0_2_2026-06-10_19-20-01,2026-06-10_19-20-01,finished,-24.62592218742996,-23.141035079956055,,1220,https://wandb.ai/aryaman-reddi/talk/runs/5dhlwv5i
mappo_tarmac_mpe,-1.0,-1,-1.0,-1.0,,-1,16,-1.0,vtkx88bm,0_0_2026-06-10_19-20-01,2026-06-10_19-20-01,finished,-25.279022435672946,-23.990434646606445,,1220,https://wandb.ai/aryaman-reddi/talk/runs/vtkx88bm
mappo_tarmac_mpe,0.25,-1,-1.0,-1.0,,-1,16,-1.0,2t7crfm2,0_0_2026-06-10_19-00-01,2026-06-10_19-00-01,finished,-51.088722260271915,-48.23427200317383,,1220,https://wandb.ai/aryaman-reddi/talk/runs/2t7crfm2
mappo_tarmac_mpe,0.25,-1,-1.0,-1.0,,-1,16,-1.0,gfueaev9,0_1_2026-06-10_19-00-01,2026-06-10_19-00-01,finished,-51.30084975821073,-49.36621856689453,,1220,https://wandb.ai/aryaman-reddi/talk/runs/gfueaev9
mappo_tarmac_mpe,0.25,-1,-1.0,-1.0,,-1,16,-1.0,n3s1zb0u,0_2_2026-06-10_19-00-01,2026-06-10_19-00-01,finished,-51.636284249727844,-48.958831787109375,,1220,https://wandb.ai/aryaman-reddi/talk/runs/n3s1zb0u
mappo_tarmac_mpe,0.5,-1,-1.0,-1.0,,-1,16,-1.0,kjss6iys,0_1_2026-06-10_19-06-39,2026-06-10_19-06-39,finished,-39.32215837572442,-37.007659912109375,,1220,https://wandb.ai/aryaman-reddi/talk/runs/kjss6iys
mappo_tarmac_mpe,0.5,-1,-1.0,-1.0,,-1,16,-1.0,4h9sl2h3,0_0_2026-06-10_19-06-39,2026-06-10_19-06-39,finished,-39.30498839206383,-37.020240783691406,,1220,https://wandb.ai/aryaman-reddi/talk/runs/4h9sl2h3
mappo_tarmac_mpe,0.5,-1,-1.0,-1.0,,-1,16,-1.0,lp9so28l,0_2_2026-06-10_19-06-39,2026-06-10_19-06-39,finished,-39.02556547571401,-36.965415954589844,,1220,https://wandb.ai/aryaman-reddi/talk/runs/lp9so28l
mappo_tarmac_mpe,1.5,-1,-1.0,-1.0,,-1,16,-1.0,4tw9kiid,0_1_2026-06-10_19-13-22,2026-06-10_19-13-22,finished,-31.28070812538022,-29.46254539489746,,1220,https://wandb.ai/aryaman-reddi/talk/runs/4tw9kiid
mappo_tarmac_mpe,1.5,-1,-1.0,-1.0,,-1,16,-1.0,hrzogd0p,0_0_2026-06-10_19-13-22,2026-06-10_19-13-22,finished,-32.28477701593618,-30.574481964111328,,1220,https://wandb.ai/aryaman-reddi/talk/runs/hrzogd0p
mappo_tarmac_mpe,1.5,-1,-1.0,-1.0,,-1,16,-1.0,s9o1y4dn,0_2_2026-06-10_19-13-22,2026-06-10_19-13-22,finished,-31.212072653848615,-29.453838348388672,,1220,https://wandb.ai/aryaman-reddi/talk/runs/s9o1y4dn
